N,homemade_seconds,fast_seconds
8,0.00003475,0.00000929
16,0.00005075,0.00000742
32,0.00007583,0.00000917
64,0.00015258,0.00001546
128,0.00034083,0.00004517
256,0.00087554,0.00020917
512,0.00318596,0.00112946
768,0.00725979,0.00248275
1024,0.01531900,0.00517833
