N,homemade_seconds,fast_seconds
8,0.00002838,0.00000746
16,0.00004742,0.00000671
32,0.00008104,0.00000733
64,0.00016025,0.00001696
128,0.00034421,0.00005504
256,0.00096996,0.00025729
512,0.00335683,0.00138563
768,0.00776742,0.00251812
1024,0.01650612,0.00618004
