N,homemade_seconds,fast_seconds
8,0.00002417,0.00000942
16,0.00004467,0.00000575
32,0.00007979,0.00000733
64,0.00015575,0.00001487
128,0.00033846,0.00004483
256,0.00087113,0.00020833
512,0.00334546,0.00113433
768,0.00727742,0.00224367
1024,0.01497804,0.00499717
